1.0,0.39443005651192986,0.27033928537899693,0.4808934255964952,0.8472833142790707,1.0
1.0,0.5588935558989314,0.37197844495765975,0.3004446225063471,0.9153118762958513,1.0
1.0,0.7036061720603277,0.791592031393755,0.23331942708582828,0.5175363807235452,0.0
1.0,0.7034175571466916,0.32465498788937075,0.5202605897236025,0.706591160113938,0.0
1.0,0.7169688132494723,0.7406935916934226,0.2253343378347189,0.7058393241226966,0.0
1.0,0.5456934137123042,0.5512457988321222,0.1312311383816786,0.762091518592439,1.0
1.0,0.6211161650235405,0.7436489607390299,0.253244960436871,0.8090724126571978,0.0
1.0,0.3897219380907818,0.2655213203402242,0.48287049335243626,0.7932867634235665,1.0
1.0,0.5698361226577292,0.6929044856268424,0.019291652332199663,0.2209971515492084,1.0
1.0,0.7580288290641073,0.7648622767982876,0.17775755226818446,0.7251332183618501,0.0
1.0,0.38602943843536675,0.639752905612197,0.1548514368579429,0.41731741817970425,1.0
1.0,0.5723447010090897,0.37104714696107693,0.4323855891792556,0.7340283294901854,0.0
1.0,0.4478153314907107,0.8728740682325992,0.06529549324356691,0.035702520975836614,0.0
1.0,0.5051944909936378,0.5372594303310239,0.20227449887429072,0.8361336640378243,1.0
1.0,0.15266926374893902,0.29193939052554496,0.7084304085214234,0.6830381537388339,1.0
1.0,0.8592860200076897,0.5737020972981093,0.23018508620276704,0.9215804057589086,0.0
1.0,0.3354298606425965,0.9627781220075481,0.36447723105999574,0.23527815993954307,0.0
1.0,0.7878154765791058,0.5787528868360277,0.2999220495312085,0.856429360358091,0.0
1.0,0.6239163710490616,0.6469028708762838,0.2910078255303027,0.7273877574747611,0.0
1.0,0.8214832386631555,0.39707842805910737,0.3336541350764045,0.8387641211463561,0.0
1.0,0.42226526511276996,0.581708255881635,0.5313042985981979,0.8306208460092622,0.0
1.0,0.3071158603379109,0.6608911169943108,0.20876703261290844,0.4102931772821516,1.0
1.0,0.4105929037265954,0.8992170337407761,0.10160125069132049,0.19455693995000675,0.0
1.0,0.8707334943814519,0.4937441559173097,0.25216279890085486,0.8698335497122482,0.0
1.0,0.38192343685390323,0.5536566589684372,0.6146982358807315,0.8546757222857364,0.0
1.0,0.5530443172502847,0.5119272611201862,0.22201338657771313,0.7853944232371577,1.0
1.0,0.7666180620543066,0.7711560487429354,0.17958655768116955,0.7900294533687291,0.0
1.0,0.2204980884603945,0.6665615201186653,0.21988651456889907,0.5577537930900847,1.0
1.0,0.7853562282820808,0.4145627968981768,0.31399232688681505,0.7729910671032999,0.0
1.0,0.3595072798102244,0.16186184494639402,0.6366419460617594,0.7526953707830333,1.0
1.0,0.5324526467750477,0.5402917816707035,0.2631721050545871,0.7196213691941016,0.0
1.0,0.9810296923400581,0.8823522784881429,0.038095569887603285,0.450142422539578,0.0
1.0,0.5846046703954384,0.5376480970352429,0.491005212665427,0.7062152421183172,0.0
1.0,0.6569675074539163,0.6066505191610807,0.3145889310334316,0.758708896079989,0.0
1.0,0.7128990837667849,0.889190559342083,0.09063157298820293,0.46141027380006583,0.0
1.0,0.6647442454315291,0.7387521357892562,0.25328197602261,0.8450287751661596,0.0
1.0,0.4537131747517175,0.841247488687358,0.3269390723458736,0.31734067083922723,0.0
1.0,0.6729417397549456,0.4149495859854672,0.36749944476621393,0.754324025810452,0.0
1.0,0.706166982233926,0.7711560487429354,0.18372794850914287,0.7699843044548219,0.0
1.0,0.7820191951946722,0.9240053324320772,0.055519023833682464,0.27549557230608246,0.0
1.0,0.5219192292904452,0.34408081263260665,0.3224972020571956,0.902658554072122,1.0
1.0,0.2230081176957061,0.03123603522409356,0.7874216684884142,0.4589106129013506,1.0
1.0,0.7654210827946926,0.6267785726356109,0.26193883283326,0.8173416397000406,0.0
1.0,0.8665476941826807,0.8272592425693309,0.11947760121585313,0.6384405216346619,0.0
1.0,0.8345919751608667,0.8225952421187028,0.12496026268001552,0.6088708896079988,0.0
1.0,0.8479255986709904,0.5927411329540547,0.2178715602722605,0.9140620458464936,0.0
1.0,0.4370084223813358,0.32209016316491107,0.4277608183492791,0.8970197841378107,1.0
1.0,0.39282682974602273,0.13248840571546588,0.6489180562027235,0.6431976282287286,1.0
1.0,0.7606694378550131,0.5618130269062506,0.314140389229771,0.9369852926928516,0.0
1.0,0.32673181135606866,0.504467601719897,0.29134314318934995,0.7182426802565542,1.0
1.0,0.5152952186119394,0.47276141121688353,0.27391533446847793,0.8099492316933748,1.0
1.0,0.5061531988363911,0.8400796109577724,0.29111669490012326,0.3783498362625225,0.0
1.0,0.4353137899265127,0.5170558591036256,0.5010821615360161,0.6190148623248783,0.0
1.0,0.7164610038666057,0.9203514898890327,0.08458714557576655,0.36331311643769254,0.0
1.0,0.5417622436469419,0.5315867740663549,0.1439557903263033,0.8185943767318387,1.0
1.0,0.17286556834751574,0.6432490283332395,0.2592523722635684,0.670885732555661,1.0
1.0,0.6945308929465276,0.8143600142698887,0.06794755109239527,0.6360571240335613,0.0
1.0,0.44154025840243166,0.5757224131132765,0.13454947677380866,0.6870472997849129,1.0
1.0,0.8936356975487315,0.6546724497268067,0.15466418154185158,0.8672079369077839,0.0
1.0,0.7990815904589871,0.42132221784111606,0.32951274424843124,0.8626930455170809,0.0
1.0,0.33006884444347717,0.6542068007285153,0.21268502349401003,0.6371810025771697,1.0
1.0,0.36067524139081736,0.5511688165380498,0.21775964256008504,0.6948146569263859,1.0
1.0,0.6942697338353391,0.8143600142698887,0.21992396563211733,0.5920805317108144,0.0
1.0,0.6202746523319332,0.5967066599072457,0.09440280795878642,0.7513176507062995,1.0
1.0,0.757129281014458,0.5078863666234814,0.34037355258172824,1.0,0.0
1.0,0.5684512539264547,0.7695225220150583,0.2668640831239413,0.7460557676284224,0.0
1.0,0.4105929037265954,0.8992170337407761,0.10160125069132049,0.19455693995000675,0.0
1.0,0.38146640840932333,0.5132482397341295,0.18693872396389022,0.7112271591063227,1.0
1.0,0.8557821352659108,0.8896562083403743,0.04190164305652934,0.3433933381130466,0.0
1.0,0.8629930285026152,0.7992076456561332,0.128169731702325,0.6800317786346813,0.0
1.0,0.43865445022379884,0.4381081131827484,0.2216776334411866,0.7691073885325634,1.0
1.0,0.7788780314406551,0.8808764715822678,0.06003492529383843,0.42044683860716564,0.0
1.0,0.8067204944612505,0.9349593495934959,0.07283360840994109,0.36719824829964925,0.0
1.0,0.46453096549072526,0.6343153269869881,0.08612002630283976,0.4917356172612242,1.0
1.0,0.3772298272722656,0.9613023151016729,0.34671410468007646,0.44061852074331004,0.0
1.0,0.3713392384310141,0.9203514898890327,0.3507814643365718,0.46328986377816966,0.0
1.0,0.3543421329444964,0.5615802024071048,0.20223748328855173,0.6401941597070165,1.0
1.0,0.12731506670438963,0.7862295574456899,0.2332821066658538,0.055370395488984085,1.0
1.0,0.7464652839742613,0.5479051427927674,0.29902932069868005,0.8008041544751681,0.0
1.0,0.32396787742932376,0.6467489062881391,0.170445885391037,0.48671691824752455,1.0
1.0,0.3528332136354073,0.24679396909442533,0.5184315843106174,0.7300191834441063,1.0
1.0,0.5543609944358601,0.6957809947614487,0.003170276049174116,0.17125583738640104,1.0
1.0,0.66815382271649,0.6479130287838675,0.24555834745006164,0.7901544364136648,0.0
1.0,0.4547882797594434,0.49483204716573725,0.21477444443960583,0.8086964946615769,1.0
1.0,0.32553483209645473,0.49856174543269677,0.2948879298707067,0.8710833801616059,1.0
1.0,0.343409722373356,0.9845359469760979,0.358393610674424,0.42107659813591175,0.0
1.0,0.3870595660406102,0.2753900749169154,0.43302138629900755,0.7791297692173542,1.0
1.0,0.6950604655886599,0.731136521526878,0.23305822769375484,0.6099947681516074,0.0
1.0,0.5859032115316256,0.8384498394637526,0.18828217198747565,0.5871974732109986,0.0
1.0,0.7599077237807135,0.7698342064252051,0.200856584201748,0.7172399093146278,0.0
1.0,0.6182941957387538,0.5472836515894027,0.14439997735517107,0.8261107989226266,1.0
1.0,0.49235311613600585,0.4692652884958411,0.29037202841055076,0.833753173019164,1.0
1.0,0.17848048923806828,0.6423965902476577,0.2546998906951527,0.6495921095975352,1.0
1.0,0.6913244394147133,0.34812144426294145,0.490857150322471,0.7702348518611816,0.0
1.0,0.777920448032964,0.618073940554648,0.2589910857759991,0.7957922374871625,0.0
1.0,0.5464972034211844,0.8588858221145721,0.19059542835742252,0.5813067994651888,0.0
1.0,0.756389330199424,0.3607089881522372,0.41693920298911746,0.9120565039626407,0.0
1.0,0.7804377316880309,0.9050451566871327,0.0490304093923783,0.28088243842889526,0.0
1.0,0.5476883791449941,0.7925233293903376,0.2839922833390671,0.47594318600189894,0.0
1.0,0.4869014196899461,0.5069539420567415,0.4438778398575118,0.7776260972348712,0.0
1.0,0.8362750005440813,0.6335379935785501,0.13850796706048346,0.7914071734454629,0.0
1.0,0.30842891031360853,0.2572823372575527,0.5582821284397278,0.8198471137636367,1.0
1.0,0.5267223806103869,0.5201641037195591,0.15380629090766573,0.8100751835991241,1.0
1.0,0.7835934042815585,0.8899678927505209,0.04425322144465301,0.28639525645745734,0.0
1.0,0.5037321813314761,0.8797123490865393,0.2369014906394116,0.606361540101149,0.0
1.0,0.3672550001088163,0.6453482040594077,0.15249985846981923,0.3897533280368942,1.0
1.0,0.4006035677236356,0.45986218291744113,0.3222751085427617,0.8034346115836998,1.0
1.0,0.7791029184530675,0.38930509397472723,0.34556008935997873,0.7691073885325634,0.0
1.0,0.43904183623872844,0.2168760209542049,0.5254819647001956,0.7957922374871625,1.0
1.0,0.04076983902442565,0.7557708556300343,0.2773860899783568,0.12152421183172822,1.0
1.0,0.7274079232772567,0.34796747967479674,0.39671562885125394,0.6835390547793904,0.0
1.0,0.5878183783470079,0.5449524024108601,0.4677594248213453,0.7074679791501153,0.0
1.0,0.778812741662858,0.7831990837229389,0.16402694734641798,0.8015559904664096,0.0
1.0,0.4457920738209754,0.29815805779304905,0.4214551044492734,0.793787664464123,1.0
1.0,0.5030639767278214,0.5071094087384291,0.22525987118576163,0.8808591857693723,1.0
1.0,0.7643909551894491,0.6037777652603316,0.3125378321060126,0.8336281899742283,0.0
1.0,0.8185742163413059,0.3302502863365816,0.37981039310552056,0.7067161431588738,0.0
1.0,0.5167671403802766,0.38752135789256276,0.2900715489498461,0.8941422675218478,1.0
1.0,0.0,0.851349067763195,0.23969986892127876,0.3197143798321933,1.0
1.0,0.5639194179053588,0.8574888751196981,0.13660493047602043,0.35755808320576665,0.0
1.0,0.836478124297228,0.7843669614525245,0.08738726576755085,0.6178909837812699,0.0
1.0,0.3808207650511074,0.33421205805591536,0.5006684579306981,0.8011800724707887,1.0
1.0,0.18660543936393248,0.2234814773089994,0.7512683281584093,0.6217761156432267,1.0
1.0,0.5524146336155302,0.7082145740625998,0.2766762616871269,0.7218759083070126,0.0
1.0,0.8758115882101171,0.49490940498319524,0.2575731711034564,0.8710833801616059,0.0
1.0,0.2277597626353856,0.023387596462569698,0.9686935240144057,0.5393357490262949,1.0
1.0,0.4255297540026261,0.6002778873054319,0.1202962988769036,0.6226480903753367,1.0
1.0,0.810949821178553,0.7696013819260594,0.1744392138760544,0.8363845989885093,0.0
1.0,0.6021313485240882,0.6688146604329784,0.02544494911445654,0.5108996841513748,1.0
1.0,0.7581956807184776,0.8354944704181453,0.09813484995623452,0.70533842308214,0.0
1.0,0.532203820177443,0.4827097767513472,0.26440145797860065,0.8348809270060263,1.0
1.0,0.5929545075337149,0.8440451379109635,0.13582107101331256,0.690805510880307,0.0
1.0,0.6162992303060639,0.8582624532942789,0.13126597658002118,0.6914323638266126,0.0
1.0,0.882362329249095,0.6455059238814097,0.17559758397094494,0.8608134555389773,0.0
1.0,0.5287819103788983,0.34633395294691977,0.42928934430155946,0.6668765865095819,0.0
1.0,0.6099371041807221,0.3304042509247263,0.5935079017388616,0.5583835526188308,0.0
1.0,0.517483877052094,0.8091552601438254,0.24190164305652936,0.3956440017827039,0.0
1.0,0.5440277989365021,0.6598809590867271,0.020445667652297363,0.3420175557579398,1.0
1.0,0.4038390389344709,0.5724591148913798,0.5584693837558191,0.8386391381014203,0.0
1.0,0.3600586157116223,0.15688616008561931,0.6518270457643283,0.7501898967194373,1.0
1.0,0.5408612447133416,0.8975835070128992,0.1824258708460892,0.3735927296684558,0.0
1.0,0.323880824392261,0.9322405602808914,0.31447570688881826,0.4270835351793361,0.0
1.0,0.8214397121446241,0.5310430162038341,0.2923882891396271,0.9584068052783535,0.0
1.0,0.3403918837551778,0.6374246606207401,0.13194096667290853,0.5239308620923518,1.0
1.0,0.4035706254035271,0.15051352822997047,0.6423858940134911,0.7288914294572442,1.0
1.0,0.31281057984577104,0.8943202087910025,0.17223569783088669,0.23264285852694402,0.0
1.0,0.27238895296959675,0.5082750333277004,0.27268511058950584,0.7671028155095239,1.0
1.0,0.8709003460358223,0.659956063763871,0.16790705168682205,0.8462815121979576,0.0
1.0,0.7852401575659971,0.6528098537336413,0.2608566712972439,0.7967950084290891,0.0
1.0,0.7443252301464668,0.7795489964137516,0.1724621461201134,0.7842666692502955,0.0
1.0,0.7904488309502564,0.8952515067875851,0.06369293611980857,0.3734667777627066,0.0
1.0,0.5363772878626303,0.7216583112713343,0.318730321861405,0.7235045633344314,0.0
1.0,0.3816622777427147,0.24640342477327773,0.4823479203772977,0.7788798031274827,1.0
1.0,0.5225967920955842,0.5689629921703374,0.16839478646361805,0.7059652760284457,1.0
1.0,0.6690968972846707,0.3451698304511913,0.3893996071993137,0.7033338500591004,0.0
1.0,0.8417883595580606,0.3869768489832704,0.34331738034167564,0.8162138857131783,0.0
1.0,0.8422236247433749,0.8002966634747178,0.145597540423197,0.7263859553936481,0.0
1.0,0.5425870711731122,0.391092585290749,0.36473851754756503,0.6672544422268297,0.0
1.0,0.5298120379841418,0.5182992545860793,0.21768517591112777,0.7768752301044431,1.0
1.0,0.12472523885177048,0.7624514166619726,0.2215282646657928,0.09797120545662415,1.0
1.0,0.6452008386109237,0.5136367831615313,0.4399237043456298,0.7297682484934214,0.0
1.0,0.4752994261753974,0.5339957565857414,0.20723720022819023,0.8264867169182475,1.0
1.0,0.5328139168788585,0.761441258754389,0.21567022161448923,0.7079698490514852,0.0
1.0,0.3657823528985034,0.9526014382545673,0.34104418789982277,0.44524967543162747,0.0
1.0,0.9213258177544669,0.4970074541392065,0.24675242669825329,0.8960218574999516,0.0
1.0,0.4804319281522267,0.4892371242419121,0.5640304311662522,0.832751370938051,0.0
1.0,0.2176688647558525,0.6649317486246457,0.21458806007847303,0.3852384366461914,1.0
1.0,0.2328378564640507,0.008235227848814237,0.9963419891740298,0.493615207239328,1.0
1.0,0.2935210777165988,0.15797517790420396,0.655519894788641,0.704336621001027,1.0
1.0,0.7055503565547309,0.538502788261139,0.4108947755766811,0.7351560834770476,0.0
1.0,0.4411528723875021,0.430567603597514,0.22794628820770532,0.772364698587401,1.0
1.0,0.5462940796680377,0.512705833755797,0.284288408024979,0.7082178774197299,0.0
1.0,0.77564256022982,0.3677838487391802,0.37641802354191256,0.762091518592439,0.0
1.0,0.7511951656546751,0.5567622373683321,0.32339428566451683,0.9648012866471602,0.0
1.0,0.336982306470217,0.6513340468277662,0.19984932479216838,0.6418218458736218,1.0
1.0,0.43151465030069563,0.5064879175350645,0.19074479713281628,0.7629684926463464,1.0
1.0,0.709917517247383,0.8666554009650952,0.08634211981727366,0.6608599608580231,0.0
1.0,0.5749591938888768,0.8288139093862069,0.1709292653930402,0.6206522370996183,0.0
1.0,0.7771006986006224,0.3747760941812651,0.40414051987301475,0.889123568508148,0.0
1.0,0.5183065282523377,0.7580239959443474,0.3178724312272191,0.6781521886565776,0.0
1.0,0.5573149941601921,0.5116164028614881,0.4771265454007046,0.6317941364543569,0.0
1.0,0.6446567571292809,0.804881804014345,0.22287171268937828,0.46454938283566183,0.0
1.0,0.374103172357759,0.9598265081957978,0.3192877330348861,0.2518166140252291,0.0
1.0,0.6100967014153372,0.6490771512795959,0.05358114905087685,0.6079892262677543,1.0
1.0,0.3334856761481933,0.5096738579395031,0.3144016757173403,0.8727207549363458,1.0
1.0,0.30599142527584927,0.941876490358437,0.3407829014122535,0.22212103009281686,0.0
1.0,0.39878270836507135,0.45465742879137794,0.33626699995209747,0.8109520026353014,1.0
1.0,0.6412761975233411,0.606417694661935,0.3387666406831771,0.7991754994477492,0.0
1.0,0.35737448040218506,0.4607183762368801,0.28063475197380167,0.798047745460887,1.0
1.0,0.5889645766683351,0.8490959274488817,0.13958795120910322,0.6534675528513574,0.0
1.0,0.3944735830304613,0.9207382789763232,0.35137806848318837,0.36569651403879316,0.0
1.0,0.9209630967667051,0.7119435212827879,0.13178854955515978,0.7699843044548219,0.0
1.0,0.7003779552692477,0.7689029084286224,0.21264757243079174,0.8061910205979809,0.0
1.0,0.382039507569987,0.6182279051427928,0.13511124272208264,0.575919933342376,1.0
1.0,0.5133778754706304,0.6538951163183687,0.03693719979271273,0.3388881353304784,1.0
1.0,0.31715597727915734,0.6587919412681424,0.21567022161448923,0.6386924254461603,1.0
1.0,0.8000101561876574,0.4033722000037552,0.3259679575670744,0.8112019687251729,0.0
1.0,0.4001030127605243,0.594141835182786,0.20962535872457358,0.6011006258840855,1.0
1.0,0.3710708249000703,0.560727764321523,0.24205057635444382,0.6587381556765555,1.0
1.0,0.3559743773894245,0.6577817833605587,0.19555812971132197,0.6450772182068324,1.0
1.0,0.3521295349191495,0.5580052197750615,0.20697634921810018,0.6825372526982774,1.0
1.0,0.82654682365231,0.8849171032126026,0.02641606389325577,0.399519445036526,0.0
1.0,0.6591655966397528,0.7719333821513735,0.24970017375551426,0.5473579165617067,0.0
1.0,0.6786582225220715,0.8706960325954298,0.09178994308309346,0.4711860794078323,0.0
1.0,0.42373791232308283,0.6389004675266152,0.17160425548592756,0.5730424167264131,1.0
1.0,0.32628929175099924,0.6174505717343547,0.20294644062482312,0.4858449435154145,1.0
1.0,0.21691440510130797,0.6518748005032012,0.20406561774657825,0.3738446334799542,1.0
1.0,0.8528586041045506,0.7759740137817082,0.14324596203507337,0.7287664464123084,0.0
1.0,0.46866598475120963,0.58023244897576,0.13235031550343374,0.6966942469044897,1.0
1.0,0.4526192082526279,0.2598471619820124,0.48455143642246534,0.8231044238184742,1.0
1.0,0.7959984620630118,0.8947069978782929,0.058767685829127364,0.3680799116398938,0.0
1.0,0.7966368510014726,0.431344937005952,0.33753423941680855,0.8732148739512081,0.0
1.0,0.5995632839307349,0.5078086332826376,0.5128705369001842,0.6896777568934446,0.0
1.0,0.6503587310568963,0.2558853902626786,0.5843280364755936,0.7394151956129982,0.0
1.0,0.4890218865844015,0.4308792880076607,0.22604329517099025,0.8173416397000406,1.0
1.0,0.27694472857588487,0.024086069960006725,0.912908858918361,0.69857286802178,1.0
1.0,0.6453314181665178,0.820266997127246,0.2291776443281236,0.5438506404169977,0.0
1.0,0.3697577749243727,0.48177735218460727,0.3407088702407755,0.7721141511810413,1.0
1.0,0.3428366232126923,0.24959161831803073,0.5565271541982206,0.8221016528765478,1.0
1.0,0.7786168723294667,0.7842881015415234,0.15697656695683984,0.670885732555661,0.0
1.0,0.7362873330576654,0.729660714621003,0.22212530428988866,0.7335274284496289,0.0
1.0,0.47445718804181447,0.6228919055934208,0.15242582729834128,0.5488596508225628,1.0
1.0,0.4139517000732696,0.9222178411160554,0.31428845157272695,0.34377119383029436,0.0
1.0,0.5961029257074872,0.6966334328470305,0.0,0.19355901331214756,1.0
1.0,0.7734734887230045,0.7762856981918549,0.1495865141334216,0.7501898967194373,0.0
1.0,0.34766806676967943,0.5182992545860793,0.1846250321164641,0.6791539907376907,1.0
1.0,0.2897197617648552,0.12588294936067143,0.6127211681247904,0.5578797449958339,1.0
1.0,0.2938112545068083,0.13544001952721604,0.5966781777880357,0.5694091886759548,1.0
1.0,0.7304257618954347,0.630507519855799,0.2654091528656596,0.8046873486154978,0.0
1.0,0.3349293056794852,1.0,0.3751464293024086,0.18692231673997717,0.0
1.0,0.8389954079522949,0.36055502356409236,0.3503329225329112,0.7936626814191873,0.0
1.0,0.3603778101808527,0.9512795959368369,0.34578218287441265,0.257833239676788,0.0
1.0,0.8173046928841396,0.821821663944122,0.10903049648787413,0.6237816575270796,0.0
1.0,0.8125312846851944,0.4203120599335323,0.30022252899191315,0.8319995349468096,0.0
1.0,0.8699427626281312,0.8216639441221201,0.1158587833630184,0.6624876470246284,0.0
1.0,0.5693718397933941,0.7143506261852457,0.3192528948365435,0.7439252426996338,0.0
1.0,0.5782933252083832,0.5475168516119341,0.12783441404327775,0.8040614645300056,1.0
1.0,0.771152074401329,0.6260763439043167,0.26727473838690435,0.7924099443873892,0.0
1.0,0.8105580825117703,0.4082652697196718,0.31779840005574117,0.8279903889007305,0.0
1.0,0.48994174700936544,0.859895980022156,0.06887947289805908,0.10285426395644004,0.0
1.0,0.7400451224908775,0.5290227003886667,0.2912299190447366,0.8784757881682717,0.0
1.0,0.7765058361806931,0.5434758444582136,0.27193870219001626,0.8603096479159803,0.0
1.0,0.7681559990424165,0.5441754445258078,0.30108041962609905,0.8378873021101788,0.0
1.0,0.42506547113829096,0.24135263523535927,0.4920895515888396,0.7984236634565078,1.0
1.0,0.8078231662640464,0.8989804540077733,0.062312472510484135,0.3455248319026488,0.0
1.0,0.7676264264002843,0.8390694530501888,0.10794615756446156,0.7193704342434166,0.0
1.0,0.37173823151755203,0.2599260218930134,0.4504840332182221,0.7093475691282191,1.0
1.0,0.7097434111732572,0.6210255543663981,0.23876707616065637,0.8180925068304687,0.0
1.0,0.3197240418725108,0.23715803901687976,0.5317876786002013,0.6979469839362876,1.0
1.0,0.46803630111645517,0.6213372387765448,0.1513414883749287,0.5435987366054992,1.0
1.0,0.1995545786270285,0.6911958542218216,0.20880448367612672,0.2573294320537911,1.0
1.0,0.41607724506155375,0.57929739574532,0.1657427286147897,0.6252833917879357,1.0
1.0,0.3703018564060153,0.15300324827728642,0.5688424573123201,0.6680043404964443,1.0
1.0,0.6370468708060386,0.2704932499671417,0.5808180879925794,0.7221258743968841,0.0
1.0,0.23517377962523667,0.19410803807807125,0.7685785579598752,0.6701338965644195,1.0
1.0,0.304598576682844,0.11896580859573028,0.6231682728527693,0.5732943205379115,1.0
1.0,0.4422664258199308,0.5862933964212621,0.12686329926447854,0.6571007809018157,1.0
1.0,0.2431246236769752,0.6385099232054676,0.20757295336471673,0.4164357548394597,1.0
1.0,0.7325222892046979,0.35931204115736304,0.42921531313008154,0.8585589164260662,0.0
1.0,0.48694929886033067,0.5863685010984059,0.12264787726502725,0.6846668087662526,1.0
1.0,0.5138421583349656,0.8510373833530483,0.18947625123566733,0.526934330614064,0.0
1.0,0.34404811131181673,0.5687301676711917,0.19854332783180118,0.6490883019745384,1.0
1.0,0.5290757143789854,0.6379654142961753,0.03388014788815198,0.37397058538570355,1.0
1.0,0.28011491000892297,0.12083215982275292,0.6208950804109166,0.5357025209758366,1.0
1.0,0.8161077136245257,0.8584201731162807,0.029586339942429887,0.3435192900187959,0.0
1.0,0.6195927368749411,0.546273493681819,0.1294369711670361,0.8425233011025637,1.0
1.0,0.34078362242196053,0.9686851048649054,0.24275953369071518,0.011025636057124066,0.0
1.0,0.1208296154432088,0.3203815317598903,0.6801853392151824,0.6543492161916019,1.0
1.0,0.5424782548767837,0.5233500441239978,0.19358062647790172,0.8558025074117852,1.0
1.0,0.16564742069105604,0.3009557070166544,0.7078729973479423,0.7302701183947914,1.0
1.0,0.5788519155295364,0.5550536059633113,0.1300379300884455,0.8202230317592574,1.0
1.0,0.6438732797957155,0.742015434011153,0.24052074396972561,0.5677815025093496,0.0
1.0,0.7288007718702619,0.4165831127133442,0.3273484211763989,0.7926608793380742,0.0
1.0,0.6899098275624425,0.32768546161212186,0.5077231930950691,0.7223768093475691,0.0
1.0,0.6306267093226547,0.6621340994010402,0.023729167846084847,0.5202976340418936,1.0
1.0,0.24435062061561005,0.27974239095739684,0.6760787865855516,0.6508419400468928,1.0
1.0,0.5432435961609611,0.549847725267091,0.4054469523108613,0.6611118646695215,0.0
1.0,0.7086334849507062,0.9381475431382489,0.08477440089185789,0.3344991958455248,0.0
1.0,0.32996002814714864,0.17056272179349968,0.6371253260637627,0.6994506559187706,1.0
1.0,0.6300898822607673,0.34578944403762746,0.5882429790143402,0.5875753289282462,0.0
1.0,0.5905823122737528,0.8285022249760604,0.1406330971593804,0.675145813552425,0.0
1.0,0.3018491515956096,0.5875363788279915,0.21175223073338764,0.5580056969015831,1.0
1.0,0.6807112233128033,0.8716310858258699,0.09611858922715813,0.49385742244269193,0.0
1.0,0.3142106828585316,0.5203973037420906,0.3083920865032465,0.8569302613986475,1.0
1.0,0.20435700450499467,0.6178411160555023,0.2599238785366215,0.6929350669482822,1.0
1.0,0.482823710345528,0.6132559755158753,0.10932662117378601,0.69907473792315,1.0
1.0,0.8363620535811442,0.34633395294691977,0.36854459071649115,0.7630937760381343,0.0
1.0,0.8411572250393552,0.4006534106911508,0.34678813585155444,0.880103474334877,0.0
1.0,0.5243980645208093,0.7009106442103682,0.005892010294687609,0.1434495320402271,1.0
1.0,0.8436019644968696,0.5628231848138343,0.23261046974955693,0.9476330730327281,0.0
1.0,0.722097688016424,0.7840552770423778,0.17727417226618125,0.793787664464123,0.0
1.0,0.5195658955218466,0.5856700276009689,0.08723920342459492,0.702832949018544,1.0
1.0,0.6565975320463993,0.5490707673820387,0.42839226069423814,0.8822349681244792,0.0
1.0,0.770230763092414,0.7870068908541279,0.13137920072463452,0.651839866684752,0.0
1.0,0.285345346652448,0.5113055821551287,0.26007324731201525,0.75733078845893,1.0
1.0,0.6561042315030432,0.7624514166619726,0.25126702172597143,0.5482298912938167,0.0
1.0,0.5631932504878597,0.6205599053681067,0.419364812548719,0.8209738988896854,0.0
1.0,0.346855571757093,0.2715034078747254,0.492982280421368,0.7425475226228999,1.0
1.0,0.5669793321581174,0.5139476069772245,0.5177957871908654,0.7112271591063227,0.0
1.0,0.5510783694966158,0.7089919074710377,0.003057051904560748,0.16962815121979574,1.0
1.0,0.4780495767046073,0.305071443324133,0.43813389190578006,0.9125603115856377,1.0
1.0,0.2872677678875855,0.1697853883850617,0.6472371131326944,0.6919332648671692,1.0
1.0,0.6205358114431218,0.6903396609023826,0.2901107419229815,0.7706107698568023,0.0
1.0,0.5678222957336757,0.7225896092679172,0.30320554972499597,0.7464307167632297,0.0
1.0,0.32826249392442347,0.16628926566401916,0.621787809243445,0.7142335342104753,1.0
1.0,0.7702815440307007,0.7271747498075443,0.15548287920290202,0.7396661305636831,0.0
1.0,0.3281464232083397,0.6489231866914512,0.16850801060823142,0.4822117154649563,1.0
1.0,0.8194882732304656,0.3790495503107456,0.39081926378177356,0.835256845001647,0.0
1.0,0.3775200040624751,0.9622336130982556,0.36496061106199895,0.28814889452981185,0.0
1.0,0.790593919345361,0.5485270095195178,0.26440145797860065,0.828240354990602,0.0
1.0,0.657823528985034,0.7688240485176213,0.22275979497720277,0.8102001666440599,0.0
1.0,0.35933317373609874,0.2613229688878875,0.6228329551937221,0.772364698587401,1.0
1.0,0.4025695154773046,0.24671510918342437,0.476042206477292,0.793036797333695,1.0
1.0,0.38288102026159443,0.25782684616684504,0.5411199609812178,0.8917588699207472,1.0
1.0,0.3381430136310547,0.3173510580371392,0.4753715711591975,0.8515433952758347,1.0
1.0,0.5655654457478219,0.5552113257853133,0.12260868429189185,0.7565790493537699,1.0
1.0,0.4763063396374241,0.5128597232392647,0.22731197171138295,0.7193704342434166,1.0
1.0,0.4035488621442614,0.6382770987063219,0.16954880178371576,0.5694091886759548,1.0
1.0,0.03165828781184936,0.8741921553164723,0.21914010616940946,0.08794349603735928,1.0
1.0,0.6009053515854534,0.6374246606207401,0.24048372838398663,0.7510667157556146,0.0
1.0,0.4136687777028154,0.5733153082108188,0.5353716582546934,0.8038105295793206,0.0
1.0,0.34375068010185206,0.5047004262190428,0.2545879729829772,0.7681051020210437,1.0
1.0,0.6195129382576334,0.336855742691376,0.5750349470677123,0.6126300695642064,0.0
1.0,0.5586316713457674,0.578598922247883,0.09100608362038559,0.7485612416920185,1.0
1.0,0.6666013768888696,0.875360033046058,0.09466409444635572,0.4994961923770031,0.0
1.0,0.6024795606723395,0.5224953528981017,0.14839330584018848,0.8911291103920012,1.0
1.0,0.38765442846053955,0.5440199778441202,0.5856693071117828,0.8216007518359911,0.0
1.0,0.3447010090897879,0.17165173961208433,0.6220882887041497,0.7351560834770476,1.0
1.0,0.466399704019674,0.5099846035411855,0.22070738961734596,0.8636909721549402,1.0
1.0,0.5998389518814337,0.6984997840740532,0.3173498582520805,0.7840157342996106,0.0
1.0,0.6566773306637068,0.25790570607784596,0.5987684696885901,0.704336621001027,0.0
1.0,0.7019376555166235,0.3558947783473216,0.41272378098966606,0.7791297692173542,0.0
1.0,0.39051266984410254,0.9208171388873241,0.3410790260981653,0.4782006316972504,0.0
1.0,0.7144080030758738,0.5304215250004694,0.4301123967374027,0.7390392776173775,0.0
1.0,0.663634319208978,0.6163653091496273,0.2880204500224271,0.7449280136415602,0.0
1.0,0.8130318396483057,0.569274676580484,0.20914023681265323,0.855051640281357,0.0
1.0,0.7996619440394059,0.6482247131940141,0.2617894640578663,0.8009291375201038,0.0
1.0,0.36424441591039336,0.5726168347133818,0.23220003222533347,0.6539713604743542,1.0
1.0,0.7866620238380232,0.8902007172496667,0.059063810515039214,0.36719824829964925,0.0
1.0,0.5425870711731122,0.391092585290749,0.36473851754756503,0.6672544422268297,0.0
1.0,0.5279715916922385,0.47633789594246984,0.27786946998036,0.848537020171682,1.0
1.0,0.3416686616320993,0.6380442742071762,0.19171504095665695,0.4819598116534578,1.0
1.0,0.43569101975378494,0.5880808877372838,0.12932810179721557,0.6468308562791869,1.0
1.0,0.5586222406000856,0.5273906757543326,0.3259679575670744,0.8095733136977542,0.0
1.0,0.44831951366369954,0.6350138004844251,0.08727404162293748,0.46229193714031036,1.0
1.0,0.1461910669075134,0.6375786252088849,0.2764890063710355,0.6227740422810859,1.0
1.0,0.5881230639767279,0.6487692221033065,0.31462376923177415,0.7206231712752146,0.0
1.0,0.7608943248674254,0.5405231040763063,0.3151463422069128,0.9503943263510763,0.0
1.0,0.3309176115548398,0.9870219117895567,0.35850683481903733,0.2018233960509233,0.0
1.0,0.5775098478748177,0.8059670665990724,0.2179090113354788,0.5048830584998159,0.0
1.0,0.38861926628798593,0.4990281454777596,0.3007451019670518,0.9477590249384772,1.0
1.0,0.38755286658396626,0.5546668168760209,0.21473742885386685,0.7045865870908985,1.0
1.0,0.43429672027682864,0.272671285604311,0.4741783628659644,0.8626930455170809,1.0
1.0,0.6106552917364905,0.5104508158245554,0.41216201504139216,0.8199720968085724,0.0
1.0,0.07820989938119799,0.8012279614713007,0.2544015886218444,0.48020617358110335,1.0
1.0,0.3201810703170907,0.630428659944798,0.19395383067764652,0.4685507779952332,1.0
1.0,0.3120053392529399,0.4533355864736476,0.28962736192097827,0.7786288681767978,1.0
1.0,0.7800967739595347,0.8135038209504497,0.11925115292662641,0.5813067994651888,0.0
1.0,0.49536515121837976,0.44688784994085506,0.5930201669620655,0.7967950084290891,0.0
1.0,1.0,0.7096115210574738,0.11947760121585313,0.8155870327668726,0.0
1.0,0.6315044941130383,0.693993503445427,0.3211167384478712,0.8233543899083458,0.0
1.0,0.5711440945395982,0.638975572203759,0.05358114905087685,0.600480554963474,1.0
1.0,0.422881890791965,0.5829512382883644,0.17108168251078898,0.628916619838394,1.0
1.0,0.7988784667058405,0.7269419253083986,0.14443917032830647,0.7652236130757455,0.0
1.0,0.37183253897437013,0.2661409339266603,0.4759333371074715,0.8159629507624934,1.0
1.0,0.7943444543588181,0.4119979721737171,0.3344771875122478,0.8462815121979576,0.0
1.0,0.6804283009423491,0.7564693291274713,0.197237330871434,0.784767570290852,0.0
1.0,0.47841737578619775,0.6222685367731275,0.07141830660227406,0.46617706900226713,1.0
1.0,0.4110064056526439,0.6140333089243132,0.19358062647790172,0.5657759606254965,1.0
1.0,0.49717585438928663,0.4848078259073584,0.5680194048764768,0.8248580618908288,0.0
1.0,0.4594267557509413,0.2770198464109352,0.4385432407363053,0.8698335497122482,1.0
1.0,0.5588057774198931,0.9330967536003304,0.1699973435873764,0.3680799116398938,0.0
1.0,0.3407691135824501,0.5099068702003416,0.35268450092103487,0.8098242486484392,1.0
1.0,0.4647435199895536,0.2160986875457669,0.5226470063100687,0.8347549751002771,1.0
1.0,0.44053334494040497,0.6190840984622318,0.09331846903537383,0.6460751448446916,1.0
1.0,0.740306281602066,0.7626091364839745,0.20257323642507827,0.8469073962834499,0.0
1.0,0.2868252482825161,0.05408287801122811,0.7508197863547487,0.5533745422132657,1.0
1.0,0.9261645157312092,0.70176308229595,0.1327204713608236,0.8051892185168678,0.0
1.0,0.23676975197138858,0.0,0.9957453850274133,0.509020094173271,1.0
1.0,0.698723947565054,0.7260857319889596,0.26197628389647826,0.6183947914042668,0.0
1.0,0.885162535274616,0.9093937174937569,0.050894253003705925,0.3480341814094987,0.0
1.0,0.4150180997772893,0.2680072851536829,0.4398845113724944,0.759460538299068,1.0
1.0,0.33429091674102446,0.3320377776526033,0.5196988237753285,0.7568296936462108,1.0
1.0,0.4214962966187149,0.5622824311383992,0.5655589571185327,0.8233543899083458,0.0
1.0,0.8967913701422591,0.6301958354456524,0.17996106831335218,0.9143139496579921,0.0
1.0,0.7621275762258156,0.8655701383803677,0.054478232658198095,0.3793574515085163,0.0
1.0,0.3441931997069214,0.962856981918549,0.23361790335012825,0.008390334644524947,0.0
1.0,0.7541549689148114,0.538502788261139,0.3218265667391011,0.9460053868661229,0.0
1.0,0.4499169368938025,0.6088285547982499,0.09753389103482514,0.6403201116127657,1.0
1.0,0.3630691999100452,0.2516870388103419,0.4713782426741801,0.7501898967194373,1.0
1.0,0.7097071390744811,0.9211288232974708,0.09317040669241791,0.3772259577189141,0.0
1.0,0.6457086479937901,0.5310430162038341,0.4325728444953469,0.8680799116398937,0.0
1.0,0.7484820126662168,0.3519292513941306,0.4925337386177074,0.7803825062491523,0.0
1.0,0.6904756723033508,0.6120918530201468,0.31081769606284815,0.8016809735113454,0.0
1.0,0.5499648160641871,0.6517208359150566,0.05264922724521304,0.5620167806692891,1.0
1.0,0.7204944612505169,0.7703787153344975,0.2184311488331381,0.8317485999961246,0.0
1.0,0.2280209217465741,0.7066599072457237,0.2018642790888069,0.2365279903889007,1.0
1.0,0.6243951627529072,0.5317422407480425,0.4368274594679336,0.8813629933923692,0.0
1.0,0.4692949429439886,0.6204810454571058,0.07152717597209461,0.46229193714031036,1.0
1.0,0.8866279280651738,0.6632231172196249,0.16238519724952424,0.8605615517274788,0.0
1.0,0.47601616284721465,0.7381287669689629,0.290781377241076,0.6500862286123975,0.0
1.0,0.5970750179546888,0.8153701721774722,0.22164018237796834,0.5506132888949173,0.0
1.0,0.764818965955008,0.5677988696746089,0.27469919393118586,0.8983955664929176,0.0
1.0,0.6641203653325788,0.5653880095382939,0.28063475197380167,0.8457806111574011,0.0
1.0,0.6911793510196086,0.6455810285585534,0.2569386804161423,0.7232536283837464,0.0
1.0,0.04294616495099643,0.8144388741808896,0.2486924788684553,0.4506365415544403,1.0
1.0,0.2948341276922965,0.06223924594904144,0.7490648121132416,0.4957370124207956,1.0
1.0,0.6903160750687356,0.639831765523198,0.31869112888826956,0.7886517332919953,0.0
1.0,0.6156608413676032,0.30382846091740356,0.60716447548915,0.595839711667022,0.0
1.0,0.2858096295167831,0.4883820574926303,0.3480205371179229,0.8457806111574011,1.0
1.0,0.36399776563871533,0.5277793424585515,0.17402986504552917,0.6827872187881489,1.0
1.0,0.4478160569326863,0.8728740682325992,0.06529549324356691,0.035702520975836614,0.0
1.0,0.4956945018752675,0.4704331662254267,0.18876729389939603,0.8187193597767746,1.0
1.0,0.2323300470811842,0.20226816124974178,0.6788789067773361,0.79955141744337,1.0
1.0,0.6461874396976358,0.33436977787791733,0.6015293969072391,0.5818106070881858,0.0
1.0,0.30378608167025756,0.6367224318894459,0.18947625123566733,0.45790299765535686,1.0
1.0,0.8074894629553054,0.8411686287763571,0.09857903698510231,0.7048375220415835,0.0
1.0,0.7823383896639027,0.3969207082371054,0.3370508594148054,0.8130815587032766,0.0
1.0,0.4041582334037012,0.3304831108357273,0.5122739327535677,0.7957922374871625,1.0
1.0,0.3737694690490181,0.18268461668450398,0.6094376679310031,0.7416707035867227,1.0
1.0,0.4041727422432117,0.9831389999812238,0.2602970827363663,0.031313581490883015,0.0
1.0,0.7150536464340899,0.5402121707129312,0.3299220930789564,0.943496037359273,0.0
1.0,0.6651577473575776,0.7936123472089224,0.17234892197550003,0.44275001453291224,0.0
1.0,0.45823558002713155,0.6065716592500797,0.10194092312516059,0.6631174065533746,1.0
1.0,0.8563842521055952,0.8182466813120786,0.10167963663759129,0.6200224775708721,0.0
1.0,0.6676097412348473,0.35806905875063366,0.4580961795560743,0.7237554982851163,0.0
1.0,0.5989176405725188,0.6745676787021911,0.019178428187586295,0.48158195593621017,1.0
1.0,0.2588014247680399,0.6396778009350531,0.19884162990510945,0.4213188133392757,1.0
1.0,0.32470057382460266,0.9703148763589252,0.35301981858008213,0.4001492045652722,0.0
1.0,0.4075895739479278,0.44167934058093467,0.22343130125025584,0.7510667157556146,1.0
1.0,0.31828766676097414,0.47773634503088674,0.34809456828940094,0.746556668668979,1.0
1.0,0.8061691585598525,0.3658386376011566,0.3548880169662026,0.7609640165093882,0.0
1.0,0.32102983742845326,0.4845746258848269,0.3765268929117331,0.7628432189431666,1.0
1.0,0.31483456295748186,0.2561970746728252,0.5009297444182674,0.7023320479779875,1.0
1.0,0.44561724230487426,0.640609098931636,0.07044719182347485,0.4278392466138314,1.0
1.0,0.6397745326340073,0.6340825024878425,0.2232449168891231,0.7372856395450229,0.0
1.0,0.27886714981102234,0.18960175744944516,0.6848493030182945,0.8568052783537117,1.0
1.0,0.4891865619128454,0.8152913122664713,0.31227654561844337,0.38624605189218514,0.0
1.0,0.5056012318004744,0.6473685198745752,0.0382828252036946,0.3353808591857693,1.0
1.0,0.34109556247143574,0.16341275652941284,0.6383577273301311,0.6794049256883756,1.0
1.0,0.5014176587085681,0.45341444638464856,0.5992910426637287,0.8358827290871393,0.0
1.0,0.058492386486466895,0.8114084004581384,0.2570505981283178,0.4463832425833705,1.0
1.0,0.2227469585845176,0.21951970558966555,0.6578714731767646,0.8086964946615769,1.0
1.0,0.599200562942973,0.6103794663812689,0.31775920708260574,0.7443011606952545,0.0
1.0,0.45812966549870504,0.3406635498225652,0.5936908022801601,0.5001259519057492,0.0
1.0,0.6486684512539265,0.8614506468390318,0.07686612986809387,0.5813067994651888,0.0
1.0,0.3169238358469898,0.5096738579395031,0.2859301581218727,0.8635747088573255,1.0
1.0,0.8151864023156107,0.6073489926585178,0.251341923852408,0.7976718274652663,0.0
1.0,0.6682481301733081,0.320535496348035,0.41708726533207335,0.6416958939678726,0.0
1.0,0.6510986818719305,0.5300328582962504,0.42992514142131144,0.7321487395120817,0.0
1.0,0.20979781932142158,0.6073489926585178,0.2648491288273027,0.6557249985467087,1.0
1.0,0.5335981196543994,0.77224506656152,0.276306105829737,0.6971951479450462,0.0
1.0,0.7029170021835803,0.6214160986875457,0.25246110097416313,0.8120797566221636,0.0
1.0,0.5324526467750477,0.5402917816707035,0.2631721050545871,0.7196213691941016,0.0
1.0,0.5022795563196878,0.5709044480745038,0.16884332826727866,0.6889268897630166,1.0
1.0,0.5230618004018949,0.8638577517414897,0.06962413938763158,0.156722925184568,0.0
1.0,0.5133096839249313,0.6346270113971347,0.08082026537997587,0.486968822059023,1.0
1.0,0.9243726740516659,0.7231341181772094,0.12529558033906277,0.7572055147557502,0.0
1.0,0.6188020051216204,0.8107850316378452,0.24283443581715175,0.5499835293661712,0.0
1.0,0.8689634159611743,0.836504628325729,0.10227624078420786,0.6385664735404112,0.0
1.0,0.4399232482389896,0.6263880283144633,0.07313408787064578,0.42883717325169063,1.0
1.0,0.5287848121468004,0.34633395294691977,0.42928934430155946,0.6668765865095819,0.0
1.0,0.5289204697962233,0.6853677312754651,0.3197754678116821,0.7443011606952545,0.0
1.0,0.528281355415787,0.47991212752774176,0.5824249998911307,0.8297440269730851,0.0
1.0,0.561082214339086,0.853681067988509,0.12529558033906277,0.6281609084038987,0.0
1.0,0.29894012927376,0.2646651270207852,0.6867915325758929,0.7218759083070126,1.0
1.0,0.33603923190203633,0.567641149852607,0.19443895258956684,0.6380626659174142,1.0
1.0,0.5589610220026551,0.6501661690981806,0.03839604934830797,0.3614335264595888,1.0
1.0,0.5515426523609509,0.7803263298221896,0.24540897867466788,0.7226277442982542,0.0
1.0,0.2621819843739798,0.4946765804840496,0.34485026106874883,0.8147102137306955,1.0
1.0,0.35947826213120343,0.49506487166488294,0.28824689831165384,0.9229561881140155,1.0
1.0,0.33587963466742116,0.1398711954786984,0.5992910426637287,0.5811808475594396,1.0
1.0,0.3115773284873809,0.032479017630822976,0.7818998140511164,0.5777995233204798,1.0
1.0,0.650039536587666,0.5836497117858014,0.34556008935997873,0.8085715116166411,0.0
1.0,0.27366573084651824,0.22915563566721117,0.7470137131858225,0.706591160113938,1.0
1.0,0.6683134199511052,0.887793612347209,0.0919380054260494,0.4725618617629391,0.0
1.0,0.48994174700936544,0.859895980022156,0.06887947289805908,0.10285426395644004,0.0
1.0,0.4538684193344795,0.6246793969094425,0.07365666084578437,0.45790299765535686,1.0
1.0,0.7650583618069308,0.39738635723539684,0.3525364385780789,0.7863962253182707,0.0
1.0,0.5613433734502746,0.7630747854822659,0.1804444483153554,0.6602398899374116,0.0
1.0,0.228847925598671,0.6047879231679153,0.25984941188766425,0.6573526847133141,1.0
1.0,0.4530356119465785,0.34672449726806737,0.327052296490487,0.8109520026353014,1.0
1.0,0.2460554092580905,0.20521977506149194,0.6692896926835429,0.856429360358091,1.0
1.0,0.5736229297699623,0.4921898646238194,0.5433191222515927,0.6971951479450462,0.0
1.0,0.3888223900411325,0.15378058168572442,0.6397381909394556,0.7706107698568023,1.0
1.0,0.7909638947528781,0.6075818171576635,0.2964556487961225,0.8501656751991009,0.0
1.0,0.5489571771601848,0.6621340994010402,0.02238789720989579,0.32811440308485285,1.0
1.0,0.7972244590016466,0.6141121688353143,0.265334250739223,0.8321245179917452,0.0
1.0,0.44919076947630343,0.643560712743386,0.08037172357631525,0.4305908113240452,1.0
1.0,0.574843123172793,0.7245310651720837,0.3266037546868264,0.750565814715058,0.0
1.0,0.3662248725035728,0.28230346044799937,0.47432642520892027,0.8096992656035034,1.0
1.0,0.24637460372732087,0.19884714320584312,0.7698849903977215,0.6384405216346619,1.0
1.0,0.31701814330380784,0.4989504121369158,0.27089399171721834,0.8043114306198771,1.0
1.0,0.509436186496623,0.6236692390018589,0.07574695274633873,0.5036332280504582,1.0
1.0,0.16059109012165662,0.6308192042659457,0.27701157934617415,0.6370550506714205,1.0
1.0,0.2145422098413458,0.006759420942939211,1.0,0.44099637646055767,1.0
1.0,0.7934231430499031,0.5262250511650612,0.32846759829815403,0.972193694653826,0.0
1.0,0.2780328915391702,0.24656114459527964,0.7261935349013425,0.7545745732168117,1.0
1.0,0.7926106480373167,0.6608911169943108,0.2609311379462011,0.795291336446606,0.0
1.0,0.4704672571764348,0.35029947990011073,0.3168621234752845,0.8355068110915185,1.0
1.0,0.8525756817340966,0.577742728928444,0.22794628820770532,0.9072897087604394,0.0
1.0,0.8898416360167433,0.7114778722844965,0.10432733971162682,0.7116030771019435,0.0
1.0,0.424942146002452,0.29435025066185994,0.4289540266425122,0.8292431259325285,1.0
1.0,0.5653238735699725,0.7967967855198183,0.2585059638640788,0.6730152886236364,0.0
1.0,0.4847330736251061,0.8211194352128278,0.09372781786589908,0.5177882845350437,0.0
1.0,0.7895057563820758,0.3917159541110422,0.38078150788431975,0.8437760381343615,0.0
1.0,0.4269588746944076,0.2766330573236448,0.4633959404789382,0.8406437111244598,1.0
1.0,0.46363939730280673,0.566863816444169,0.16813349997604873,0.6537194566628558,1.0
1.0,0.3811181962610721,0.6186184494639403,0.12664120575004464,0.535082450055225,1.0
1.0,0.3622276872184378,0.9569499990611915,0.2125731057818345,0.0,0.0
1.0,0.30240048749700754,0.58023244897576,0.5252598711857617,0.7240054643749879,0.0
1.0,0.4509826111558467,0.5012816613154584,0.21156584637225487,0.7852684713314084,1.0
1.0,0.4527642966477326,0.2990104958786308,0.39697691533882323,0.861821070784971,1.0
1.0,0.6852452356598258,0.476260162601626,0.4627601433591862,0.7476844226558412,0.0
1.0,0.4543044099617692,0.4472746390281454,0.2151850997025689,0.7506907977599938,1.0
1.0,0.7875978439864487,0.7921365403030474,0.15074488422831214,0.7762483771581374,0.0
1.0,0.4964010823594275,0.5363270057642839,0.21339398083028138,0.7569549673493905,1.0
1.0,0.2592439443731093,0.025873561276028467,0.7986918256522365,0.49912802526788996,1.0
1.0,0.39553998273448093,0.5858277474229707,0.5414160856671297,0.8490379212122386,0.0
1.0,0.6369670721887309,0.7673482416117464,0.23063284893721722,0.8009291375201038,0.0
1.0,0.28098544037955125,0.2644323025216395,0.6892127873607016,0.6762725986784738,1.0
1.0,0.18812161309277678,0.7415497850128616,0.2551105459581158,0.23302071424419166,1.0
1.0,0.10409366906787959,0.7511857150904072,0.2692896926835429,0.12089445230298212,1.0
1.0,0.7313760908833707,0.39583544565237794,0.314066358058293,0.7263859553936481,0.0
1.0,0.2343105036743636,0.0264969300963217,0.7955215496030623,0.5026353014125992,1.0
1.0,0.795418108482593,0.5308875495221465,0.2895141377763649,0.9194489119693064,0.0
1.0,0.5324526467750477,0.5402917816707035,0.2631721050545871,0.7196213691941016,0.0
1.0,0.3956850711295857,0.5162787885615576,0.5292880378691216,0.7136066812641696,0.0
1.0,0.43023787242377415,0.27375654818903844,0.470820831500699,0.8401428100839033,1.0
1.0,0.5237205017156703,0.70176308229595,0.010743229413890887,0.14394365105508947,1.0
1.0,0.6239308798885721,0.6732458363844609,0.016713625654849257,0.5047571065940666,1.0
1.0,0.40337475607013573,0.44167934058093467,0.3397377554619763,0.8207239327998138,1.0
1.0,0.47964772537668576,0.4991058788186034,0.20936407223700426,0.8233543899083458,1.0
1.0,0.4017642748844733,0.9512795959368369,0.2276850888156319,0.07454415098726917,0.0
1.0,0.4598917640572519,0.5346176233124917,0.21339398083028138,0.6983229019319085,1.0
1.0,0.631308624779647,0.6519536604142023,0.05544499266220448,0.5959656635727711,1.0
1.0,0.43520714995611076,0.6148895022437522,0.0942155526426951,0.6355533164105645,1.0
1.0,0.19398318425500738,0.8337107343359808,0.3669028406195974,0.6738921076598136,0.0
1.0,0.8621732790702735,0.5395129461687226,0.2638793204809413,0.8798612591315131,0.0
1.0,0.44842615363410154,0.641386432340074,0.07839465582037426,0.418063441006065,1.0
1.0,0.8346790281979296,0.8203421018043899,0.12313125726703043,0.6210204042087314,0.0
1.0,0.28811653499894807,0.5253703599391651,0.24981209146768973,0.769357935938923,1.0
1.0,0.3795512415939411,0.2567415835821175,0.6199239656321174,0.8286162729862226,1.0
1.0,0.3851008727066966,0.19449858239921888,0.6270135389948308,0.8826128238417268,1.0
1.0,0.6336518023605882,0.4847300925665145,0.4734293416015991,0.8890073052105335,0.0
1.0,0.593389772719029,0.592429448543908,0.09104527659352099,0.7751206231712752,1.0
1.0,0.45420720073704907,0.3868191291612685,0.4096623743103125,0.9084232759121825,1.0
1.0,0.37276110470304036,0.6169849227360634,0.19872971219293392,0.5347045943379775,1.0
1.0,0.5878328871865183,0.3731425674533881,0.47309402394255184,0.7010793109461894,0.0
1.0,0.80486336300391,0.7434161362398842,0.12440285150653436,0.7436752766097622,0.0
1.0,0.5938540555833641,0.5472836515894027,0.4808934255964952,0.7514426337512352,0.0
1.0,0.7560918989894593,0.34656677744606545,0.3844743569086325,0.7776260972348712,0.0
1.0,0.5284365999985491,0.8916765241555418,0.17801883875575375,0.362693045517081,0.0
1.0,0.5884567672854687,0.5656996939484407,0.45981196082444603,0.7204972193694653,0.0
1.0,0.4086051927136608,0.8703092435081394,0.3364890934665314,0.2521944697424768,0.0
1.0,0.31845451841534456,0.2565838637601156,0.6221231269024923,0.9695583932412271,1.0
1.0,0.20450209290009938,0.6436395726543871,0.20936407223700426,0.3859941480806867,1.0
1.0,0.718898488904365,0.5981036069021198,0.28880430948513497,0.7590847171895285,0.0
1.0,0.6982161381821875,0.9174749807544265,0.08216153601616494,0.3588079136551243,0.0
1.0,0.31281057984577104,0.8943202087910025,0.17223569783088669,0.23264285852694402,0.0
1.0,0.7897233889747328,0.7400739781069866,0.14242290959923007,0.7563285019474102,0.0
1.0,0.6640840932338026,0.6845115379560263,0.01350415663253976,0.49862421764489306,1.0
1.0,0.5689554360994435,0.5384250549202951,0.49190229627274823,0.7207481543201504,0.0
1.0,0.04523130717389569,0.8623030849246136,0.2308193944250173,0.10536361346328989,1.0
1.0,0.8166155230073923,0.7996732946544245,0.1262318569195194,0.6695080124789272,0.0
1.0,0.3208339680950619,0.25231040763063517,0.6136530899304542,0.910806673513283,1.0
1.0,0.6921877153655865,0.8799451735856849,0.0919380054260494,0.47243590985719,0.0
1.0,0.4383642734335894,0.8887249103437916,0.2816015119778081,0.25632181680779736,0.0
1.0,0.6474279454757811,0.7741865224656865,0.2553343813824668,0.8269876179588039,0.0
1.0,0.5081869028705739,0.7664920482923073,0.2768286788048756,0.6722634526323947,0.0
1.0,0.2645977061524734,0.5174445633601832,0.2542896709096689,0.7340283294901854,1.0
1.0,0.4737498821156789,0.5081195666460129,0.23212539138538452,0.7475584707500921,1.0
1.0,0.8071557596465646,0.4969300963217484,0.2404088262575501,0.7896535353731083,0.0
1.0,0.285867664874825,0.5803864135639046,0.2623120370330048,0.7187435812971108,1.0
1.0,0.022408902623923654,0.7687451886066204,0.26007324731201525,0.02743813823706085,1.0
1.0,0.7981385158908064,0.34874481308323474,0.4369014906394116,0.8728370182339605,0.0
1.0,0.5287819103788983,0.34633395294691977,0.42928934430155946,0.6668765865095819,0.0
1.0,0.31131616937619244,0.12114384423289958,0.6270875701663088,0.5948417850291626,1.0
1.0,0.6171842695162026,0.8584201731162807,0.15910169705573676,0.5943379774061658,0.0
1.0,0.8624997279592591,0.5240492686682062,0.23925219807257667,0.795291336446606,0.0
1.0,0.6825320826713674,0.2764002328244991,0.5769771766253108,0.7826380142228767,0.0
1.0,0.8387052311620854,0.7249216094932311,0.1377241075977756,0.7813852771910786,0.0
1.0,0.24968987355546365,0.6216489231866914,0.23693894170262986,0.6455810258298293,1.0
1.0,0.5751144384716388,0.7836647327212303,0.2859301581218727,0.5246768849187126,0.0
1.0,0.7558379942980261,0.9309187179631612,0.04712737280791525,0.2692270428430252,0.0
1.0,0.5462940796680377,0.5127042941099157,0.284288408024979,0.7082198151413568,0.0
1.0,0.32293049540432506,0.5050890929232618,0.2949967992405273,0.8796093553200148,1.0
1.0,0.8422308791631301,0.3322706021517489,0.3806682837397064,0.738287441626136,0.0
1.0,0.18008371600397544,0.0243188944591524,0.9741413472802255,0.46867672990098247,1.0
1.0,0.80024955203958,0.9042678232786946,0.048507836417239686,0.3016741914856511,0.0
1.0,0.5704853932258228,0.6402185546104884,0.03428949671867719,0.4045381440502257,1.0
1.0,0.5428946585707342,0.6504778535083272,0.052758096615033556,0.5697870443932025,1.0
1.0,0.2957626934209667,0.659956063763871,0.2219759355144949,0.6495921095975352,1.0
1.0,0.3841795613977816,0.4622730430537561,0.3171626029359892,0.8133324936539618,1.0
1.0,0.45349046406523175,0.3048386188249873,0.40649209826113847,0.8501656751991009,1.0
1.0,0.7077411913208121,0.593285641863347,0.31026028488936697,0.7998013835332416,0.0
1.0,0.2152023620390723,0.732691188343754,0.25402838442209963,0.28426376266785514,1.0
1.0,0.7643256654116519,0.880722506994123,0.0568994874430069,0.4270835351793361,0.0
1.0,0.4077709344418087,0.5719183612159446,0.5385419343038674,0.8625670936113318,0.0
1.0,0.7391745921202492,0.8042584351940516,0.21372973396680792,0.5165384540856861,0.0
1.0,0.5941950133118602,0.6598020991757262,0.01996228765029417,0.37446470440056584,1.0
1.0,0.13999579243654198,0.7953998385249441,0.22436409401087823,0.035702520975836614,1.0
1.0,0.6468838639941383,0.32154565425561876,0.6052614389046871,0.6241595132443273,0.0
1.0,0.7571800619527447,0.8445107869092549,0.09134140127943284,0.6732662235743212,0.0
1.0,0.3942559504378042,0.2788073377269569,0.4632827163343248,0.8207239327998138,1.0
1.0,0.719420807126742,0.34112919882085657,0.48742558778572764,0.8180925068304687,0.0
1.0,0.46579903806394046,0.3196041983514523,0.37999764842161193,0.7677292809115042,1.0
1.0,0.7885626818138951,0.7413920651908598,0.12335770555625718,0.6965682949987405,0.0
1.0,0.8093103223138697,0.5416109953247338,0.26645386333845744,0.8356327629972677,0.0
1.0,0.8229776491327341,0.3304042509247263,0.37678817939930237,0.7598364562946887,0.0
1.0,0.37008422381335826,0.8097748737302616,0.15772123344641234,0.5845621717983994,0.0
1.0,0.8772044368031223,0.5124712067443999,0.24440128378760892,0.8707152130524929,0.0
1.0,0.4855644301290561,0.48939259092359977,0.2119015995087814,0.8490379212122386,1.0
1.0,0.375336423716149,0.2088736176045363,0.5387683825930942,0.6453291220183308,1.0
1.0,0.17945983590502512,0.01460785970446307,0.9839526548884525,0.4507624934601895,1.0
1.0,0.8726341523573237,0.5216406616722056,0.23902836264822563,0.8798612591315131,0.0
1.0,0.5694588928304569,0.5986481158114121,0.09499941210540298,0.7511916988005503,1.0
1.0,0.6005353761779364,0.5850504140145327,0.08600680215822638,0.7689820179433022,1.0
1.0,0.8550857109694081,0.628873993127922,0.26007324731201525,0.8408946460751447,0.0
1.0,0.37640282342016873,0.10932987851818467,0.6751860577530233,0.665374852248726,1.0
1.0,0.5054172306978026,0.8278037514786232,0.25231173219876935,0.3930087003701048,0.0
1.0,0.7358520678723511,0.7852193995381063,0.18354504796784435,0.5116553955858701,0.0
1.0,0.38991055300441796,0.43266677932368236,0.3045860133343204,0.8500397232933516,1.0
1.0,0.8720973252954362,0.5001937700670309,0.24966272269229597,0.8594357354622435,0.0
1.0,0.5613143557712537,0.7381287669689629,0.28219811612442464,0.7285155114616234,0.0
1.0,0.5248144682147599,0.8598171201111549,0.08708678630684615,0.2932838568411262,0.0
1.0,0.3065790332760234,0.5307320828404589,0.3364150622950534,0.783765768209739,1.0
1.0,0.4679006434670323,0.5047781595598866,0.23108059381709078,0.8366345650783807,1.0
1.0,0.7900716011229841,0.5832629226985111,0.2291776443281236,0.8819830643129808,0.0
1.0,0.8960224016482041,0.8889577348429373,0.0643635714379031,0.43673338888135327,0.0
1.0,0.35014182390621484,0.5725379748023808,0.22652837353516264,0.5935822659716704,1.0
1.0,0.41300862550508893,0.6194708875495221,0.12455091384949027,0.5799310171100819,1.0
1.0,0.46032775468454157,0.5102176909067012,0.2163417278875423,0.8113279206309222,1.0
1.0,0.390773828955291,0.5535777990574362,0.19917781851911529,0.6814094987114151,1.0
1.0,0.37008422381335826,0.8097748737302616,0.15772123344641234,0.5845621717983994,0.0
1.0,0.8076708234491865,0.6388216076156142,0.1681683381743913,0.8212248338403705,0.0
1.0,0.5425848948471856,0.391092585290749,0.36473851754756503,0.6672525045052028,0.0
1.0,0.7899410215673898,0.40414953341219323,0.32656456171369097,0.7925349274323251,0.0
1.0,0.12032906048009753,0.7912052423064646,0.23149107488906212,0.04584649369271613,1.0
1.0,0.5748627101061321,0.7329240128428998,0.33138094263455165,0.7691073885325634,0.0
1.0,0.4353137899265127,0.26155579338703316,0.447313757169048,0.7945395004553646,1.0
1.0,0.29346304235855697,0.6658630466212283,0.21029686499762665,0.3719650435018505,1.0
1.0,0.4751927862049954,0.5078086332826376,0.23283434872165587,0.7540733815180111,1.0
1.0,0.16874505792654176,0.034811017856136973,0.9581680333401559,0.4510143972716879,1.0
1.0,0.3533482774380291,0.4954535383691019,0.3044031127930219,0.931598426570039,1.0
1.0,0.7887005157892445,0.6252990104958785,0.27063270522964905,0.8213498168853062,0.0
1.0,0.8245953847381517,0.9232279990236391,0.030857934181933805,0.333753173019164,0.0
1.0,0.21314210682858534,0.20180251225145043,0.7769397255620926,0.6163892495204139,1.0
1.0,0.4877726755025499,0.863703787153345,0.32298493683399165,0.33838432770748156,0.0
1.0,0.3640993275152887,0.18750258172327683,0.6288773826061584,0.8537979343887457,1.0
1.0,0.19840838030570127,0.749086539364239,0.23708787500054435,0.22537640242602747,1.0
1.0,0.67122969669271,0.8530576991682157,0.08902901586444459,0.6368128354680567,0.0
1.0,0.6530428663663337,0.5603372200003756,0.41384295811142124,0.8502906582440366,0.0
1.0,0.6806459335350061,0.3418276723182936,0.48917620725244193,0.783514833259054,0.0
1.0,0.8884270241644722,0.6359450984810079,0.170445885391037,0.875724223458058,0.0
1.0,0.6509971199953571,0.744268574325466,0.24671497563503506,0.8178425407405973,0.0
1.0,0.3100176282400052,0.5099846035411855,0.2570505981283178,0.7686061968337629,1.0
1.0,0.2671149898075402,0.5813177115604874,0.23805811882438502,0.5308194624760206,1.0
1.0,0.3637438609472821,0.9350382095044969,0.3132824985955851,0.42934098087468753,0.0
1.0,0.457190218140402,0.40842298954167366,0.3918252167589153,0.8593107524173076,1.0
1.0,0.5031898409105747,0.7830451191347941,0.26436400691538237,0.6893018388978239,0.0
1.0,0.7533352194824696,0.5081195666460129,0.2651848819638292,0.7909062724049062,0.0
1.0,0.7412856282690229,0.3461011284477741,0.3957837070455901,0.748060340651462,0.0
1.0,0.36133539358854383,0.6349349405734243,0.17108168251078898,0.5125273703179801,1.0
1.0,0.016046776498581796,0.7760491184588519,0.2597374941754887,0.02743813823706085,1.0
1.0,0.33701857856899314,0.48791603297095326,0.3165659987893726,0.7192444823376674,1.0
1.0,0.5795048133075076,0.8804108225839764,0.17059394773399295,0.5897068227178484,0.0
1.0,0.1335466132741373,0.7633076099814116,0.2280209290476543,0.130922161722247,1.0
1.0,0.4434481707980587,0.631284853264237,0.09906677176189833,0.4779487278857519,1.0
1.0,0.8801787489027689,0.6623669239001859,0.14384256618168992,0.8021818745519019,0.0
1.0,0.560849347464943,0.8548451904842373,0.17671676109270007,0.6173871761582731,0.0
1.0,0.6898155201056243,0.7445802587356127,0.1796605888526475,0.642819772511481,0.0
1.0,0.6372064680406537,0.2592275483955763,0.5954457765216672,0.7102243881643963,0.0
1.0,0.5450158509071652,0.38363469085037266,0.30443795099136445,0.8693297420892514,1.0
1.0,0.4140169898510668,0.8968061736044611,0.32507522873454603,0.21974732109985082,0.0
1.0,0.7362220432798682,0.3854221821663944,0.35100791262579856,0.7430484236634565,0.0
1.0,0.45701538662430086,0.3924932875194802,0.3959317693885461,0.8773519096246633,1.0
1.0,0.5134163238953332,0.7493193638633846,0.1627205149085715,0.5229232468463579,0.0
1.0,0.5516014131609683,0.6549841341369534,0.03537383564208979,0.37045362063285986,1.0
1.0,0.5484631511748532,0.5862145365102611,0.0869779169370256,0.7312719204759044,1.0
1.0,0.229740219228565,0.036365684673012974,0.7874216684884142,0.4889743639428759,1.0
1.0,0.48746291177900136,0.4466550254417094,0.32317219215008297,0.8829906795589745,1.0
1.0,0.37113611467786745,0.18890328395200806,0.5646270353128688,0.6980719669812235,1.0
1.0,0.7899555304069004,0.5666309919450233,0.3089146594783851,0.8496638052977308,0.0
1.0,0.6617118979738406,0.2552620214423853,0.5851859271097795,0.7548251206231712,0.0
1.0,0.5160888521331621,0.5180660545635479,0.15693737398370444,0.8203480148041933,1.0
1.0,0.4037302226381423,0.6005107118045776,0.21081943797276526,0.6182688394985176,1.0
1.0,0.7471762171102744,0.3403518654124185,0.40361794689787617,0.7396661305636831,0.0
1.0,0.7983126219649321,0.933250718188475,0.04040795530259153,0.3034278295580057,0.0
1.0,0.6312723526808708,0.333047935560187,0.5879076613552929,0.5625205882922859,0.0
1.0,0.7120938431739537,0.7734091890572485,0.19563303183775854,0.8095733136977542,0.0
1.0,0.6828295138813323,0.6249910813195891,0.23891644493605016,0.7572055147557502,0.0
1.0,0.34397556711426436,0.4665464991832366,0.36078002726089026,0.7979227624159513,1.0
1.0,0.4611895797514635,0.5783660977487373,0.13656573750288503,0.6880491018660259,1.0
1.0,0.7930386588028757,0.5525676411498526,0.2632822808568455,0.8596895769953689,0.0
1.0,0.7549239374088663,0.6244465724102968,0.27492564222041255,0.8155870327668726,0.0
1.0,0.7624250074357802,0.8372068570570232,0.08738726576755085,0.6463270486561901,0.0
1.0,0.38420857907680256,0.6371129762105936,0.13134000775149915,0.5473579165617067,1.0
1.0,0.5723447010090897,0.37104714696107693,0.4323855891792556,0.7340283294901854,0.0
1.0,0.2611228390897154,0.5013590191329165,0.32305896800546957,0.8209738988896854,1.0
1.0,0.49605287021117617,0.8443530670872529,0.2713791136291387,0.35316914372081304,0.0
1.0,0.4893802549203102,0.4879937663117971,0.23440150152634856,0.8786017400740209,1.0
1.0,0.9200490398775454,0.7326123284327531,0.1252607421407202,0.7389142945724417,0.0
1.0,0.340827148940492,0.3355339003736457,0.5066780471447919,0.7734919681438565,1.0
1.0,0.13871901455962046,0.2957471976567341,0.7198486280282016,0.7248822834111651,1.0
1.0,0.8764209594695567,0.8349537167427101,0.08249685367521219,0.6127560214699557,0.0
1.0,0.5185879997388408,0.5399793462137854,0.20790914197872257,0.7632190594299223,1.0
1.0,0.3508092305236966,0.2546424078559492,0.4740303005230085,0.7169899432247563,1.0
1.0,0.3967804885126263,0.43033477909836826,0.30010930484729986,0.8492878873021102,1.0
1.0,0.25386116491472427,0.6146566777446065,0.23723724377593813,0.6636212141763714,1.0
1.0,0.7728858807228304,0.3653729886028652,0.4158200258673623,0.8748425601178135,0.0
1.0,0.6101402279338687,0.8437334535008167,0.13298175784839286,0.6994506559187706,0.0
1.0,0.4449781279244379,0.6248333614975873,0.17417792738848512,0.620768500397233,1.0
1.0,0.5787648624924735,0.8557013838036763,0.20317027604917412,0.5967213750072664,0.0
1.0,0.8551292374879396,0.8050357686024897,0.1235449608723485,0.644321506772337,0.0
1.0,0.7372739341443775,0.7298935391201486,0.19738669964682778,0.7033338500591004,0.0
1.0,0.6889232264757303,0.6112356597007078,0.3213780249354405,0.7821371131823203,0.0
1.0,0.8097818595979601,0.5221844195347265,0.27205061990219176,0.8569302613986475,0.0
1.0,0.787547063048162,0.33374640905762404,0.3780597736388063,0.710600306160017,0.0
1.0,0.2909094866047139,0.20296663474717885,0.6771979637073068,0.8753463677408103,1.0
1.0,0.8037606912011142,0.40865581404081935,0.32037207195829864,0.8279903889007305,0.0
1.0,0.6769606882993463,0.7949341895266528,0.2308940352649663,0.5939601216889181,0.0
1.0,0.3293579113074641,0.504467601719897,0.2607447535850684,0.8031846454938283,1.0
1.0,0.618729460924068,0.7519630484988452,0.22223722200206417,0.5291917763094154,0.0
1.0,0.8021284467561862,0.5312762162263654,0.3027962008944708,0.8514184122308989,0.0
1.0,0.7680689460053537,0.5505473253346852,0.26018516502419076,0.8241062258995872,0.0
1.0,0.4852640971511894,0.6363356428021555,0.07533324914102069,0.4634158156839188,1.0
1.0,0.24839133241927647,0.52505942657579,0.2588042659373871,0.7340283294901854,1.0
1.0,0.474689329473982,0.525836759984228,0.2155583039023137,0.7277636754703819,1.0
1.0,0.7890269646782302,0.898514805009482,0.05197423715232568,0.3299939930629565,0.0
1.0,0.544183043519264,0.7401490827841304,0.30346683621256526,0.7179917453058693,0.0
1.0,0.8246171479974175,0.5109947614487692,0.3191048324935876,0.8723428992190981,0.0
1.0,0.5242239584466837,0.5411449708030567,0.20063274877739698,0.7661005289980041,1.0
1.0,0.3247368459233788,0.23389474079498299,0.5305204391354902,0.7002015230491987,1.0
1.0,0.05779596218996426,0.8407029797780656,0.22078229174378247,0.41054508109365007,1.0
1.0,0.6240614594441664,0.6268536773127545,0.24014797524746007,0.7484352897862693,0.0
1.0,0.4478153314907107,0.8728740682325992,0.06529549324356691,0.035702520975836614,0.0
1.0,0.28196478704650807,0.4936664225764659,0.3341767080515431,0.8378873021101788,1.0
1.0,0.3510341175361089,0.5115387070729829,0.3150723110354348,0.8937644118046001,1.0
1.0,0.7727480467474809,0.3649861995155748,0.419364812548719,0.8936384598988508,0.0
1.0,0.33941979150797624,0.48146641882123203,0.3485823030661969,0.766977541806344,1.0
1.0,0.6908674109701336,0.7681255750201843,0.2032072916349131,0.8000523184839266,0.0
1.0,0.36180693087263416,0.621881747685837,0.1296634194562628,0.5328250043598737,1.0
1.0,0.7225982429795353,0.731913854935316,0.13306014379466366,0.6981969500261592,0.0
1.0,0.4013435185386697,0.959747648284797,0.2483192746687105,0.08468812370414869,0.0
1.0,0.8062634660166706,0.7868529262659831,0.12234739780432256,0.64545507392408,0.0
1.0,0.34180649560744886,0.6297301864473609,0.12581815331420138,0.5038851318619567,1.0
1.0,0.11419907578692319,0.8561670328019677,0.2119386150945204,0.1892960257329432,1.0
1.0,0.6123092994406842,0.8004506280628626,0.10880404819864742,0.6624876470246284,0.0
1.0,0.7001675770963459,0.9198069809797405,0.0864901821602296,0.3471525180692541,0.0
1.0,0.7522180388401633,0.7166037664995587,0.12033549185003897,0.6755207626872323,0.0
1.0,0.49821222079551963,0.5284008336619163,0.21589405703884026,0.7493130776832599,1.0
1.0,0.5662335778072791,0.644416906062825,0.07208894192036859,0.6274148855775379,1.0
1.0,0.5482984758464094,0.645115379560262,0.0568994874430069,0.589823086015463,1.0
1.0,0.5593868564422875,0.5855911676899679,0.09477296381617627,0.7427984575735849,1.0
1.0,0.4770520939882623,0.4743160780337595,0.5808180879925794,0.8107010676846165,0.0
1.0,0.26149281449723244,0.5270023845734992,0.345481703413708,0.7260100373980273,1.0
1.0,0.03275370519489,0.8429561200923786,0.24029690854537458,0.38123704148662,1.0
1.0,0.6150224524291424,0.7274826789838337,0.2343268606863996,0.7600870037010483,0.0
1.0,0.5462940796680377,0.512705833755797,0.284288408024979,0.7082178774197299,0.0
1.0,0.1615414191095925,0.28160498695056235,0.7261195037298646,0.6586122037708063,1.0
1.0,0.795265765667733,0.37866276122345516,0.38511015402838444,0.7886517332919953,0.0
1.0,0.40615319883639106,0.9152218404401135,0.30432472684675116,0.481456004030461,0.0
1.0,0.4752609777506946,0.6299630109465068,0.10126593303227324,0.5021314937896022,1.0
1.0,0.6092044077854433,0.5387359882836703,0.1419395295972269,0.8621892378940842,1.0
1.0,0.38402721858292166,0.5023695525638858,0.2922010338235358,0.7650983393725658,1.0
1.0,0.756360312520403,0.5553652903734579,0.3060797010882582,0.8923886294494932,0.0
1.0,0.4787663133764246,0.34656677744606545,0.32193979088371444,0.8540488693394307,1.0
1.0,0.36304018223102424,0.5214074616496742,0.2845148563142057,0.7267618733892689,1.0
1.0,0.49574238104565205,0.9012373495559435,0.06854415523901182,0.1698800550312942,0.0
1.0,0.4927985375089773,0.7350982932462119,0.25190151241328557,0.6948146569263859,0.0
1.0,0.552792588884778,0.9037233143694023,0.16910461475484798,0.38335884666808767,0.0
1.0,0.3708169202086371,0.5252926265983214,0.2638793204809413,0.9001492045652721,1.0
1.0,0.31807003416831703,0.3011885315158001,0.4959696559292436,0.8258608328327551,1.0
1.0,0.7597263632868324,0.6228130456824199,0.27626691285660165,0.8021818745519019,0.0
1.0,0.3454554687443325,0.4338309018194108,0.3048864927950251,0.8064419555486658,1.0
1.0,0.4336670366420742,0.6186184494639403,0.1764554746051308,0.6108764314918519,1.0
1.0,0.8019543406820605,0.40220432227416963,0.3333580103904927,0.8357577460422034,0.0
1.0,0.7606259113364817,0.540678570757994,0.3039153780162259,0.8251089968415137,0.0
1.0,0.7841665034422222,0.8814209804915601,0.0494397582229035,0.33074001588931734,0.0
1.0,0.27908478240367945,0.2567415835821175,0.6979092726219663,0.6641250217993683,1.0
1.0,0.8199960826133321,0.6386676430274696,0.266602796636372,0.8256098978820702,0.0
1.0,0.572151008001625,0.8678232786946807,0.20134170611366833,0.6006065068692231,0.0
1.0,0.568199525560948,0.8626147693347603,0.19604325162324232,0.5497413141628074,0.0
1.0,0.2878843935667806,0.2648228468427871,0.6069772201730588,0.9389908345767047,1.0
1.0,0.24422729547977104,0.5222621528755703,0.2612298754969887,0.7303951014397272,1.0
1.0,0.44154025840243166,0.5123934734035562,0.2214163469536173,0.816714786753735,1.0
1.0,0.5727901223820613,0.8473084361328602,0.15690253578536187,0.6018563373185808,0.0
1.0,0.7485255391847483,0.9025554366398166,0.06776029577630394,0.40428624023872733,0.0
1.0,0.6318236885822687,0.5070316753975853,0.4558926635109065,0.8878737380587903,0.0
1.0,0.26773886990649054,0.035197806943427355,0.907683129166975,0.7489371596876392,1.0
1.0,0.33507439407458994,0.9784749995305958,0.2608566712972439,0.02793225725192323,0.0
1.0,0.21346855571757095,0.20149082784130376,0.7725718864448925,0.623403801809832,1.0
1.0,0.7118036663837444,0.8580296287951332,0.07141830660227406,0.6459588815470769,0.0
1.0,0.35873105689641416,0.652107625002347,0.14578044096449552,0.3856162923634391,1.0
1.0,0.7338280847606404,0.6221934320959838,0.256192707494132,0.8400168581781541,0.0
1.0,0.20569907215971334,0.655994292044537,0.2017523613766314,0.3576743465033813,1.0
1.0,0.015038412152603976,0.8447436114084005,0.22749853026350744,0.4017768907318775,1.0
1.0,0.5814489978019108,0.5581629395970634,0.11518379327013105,0.7733669850989207,1.0
1.0,0.8628479401075104,0.604164554347622,0.22253595955285174,0.9200689828899179,0.0
1.0,0.5698752965244075,0.8056553821889259,0.11055902244015452,0.5751739105160153,0.0
1.0,0.7612715546946976,0.86517959405922,0.07204974894723319,0.6419477977793709,0.0
1.0,0.757499256421975,0.3572917253421956,0.3826497062704402,0.7550756680295309,0.0
1.0,0.6381858147076106,0.7438029253271747,0.266789616474984,0.8162138857131783,0.0
1.0,0.7562442418043193,0.36653711109859366,0.4032826292388289,0.7976718274652663,0.0
1.0,0.5973651947448984,0.8447436114084005,0.1634695361729368,0.5886992074718546,0.0
1.0,0.7421489042198959,0.7739536979665408,0.18466422508959948,0.7853944232371577,0.0
1.0,0.42653811834860383,0.5962372556750971,0.1175745646313901,0.6390605925552735,1.0
1.0,0.3717962668755939,0.927967104151411,0.36895393954701633,0.28902086926192183,0.0
1.0,0.9356242790920368,0.7451998723220489,0.11738730931529877,0.7272627744298255,0.0
1.0,0.4544299114235348,0.8372068570570232,0.31040834723232286,0.34326738620729746,0.0
1.0,0.6393465218684483,0.744426294147468,0.27451193861509454,0.5650202491910012,0.0
1.0,0.5475824646165676,0.9181772094857208,0.1697360570998071,0.3433933381130466,0.0
1.0,0.6267673580128694,0.6716123096565838,0.032499684278827545,0.5308194624760206,1.0
1.0,0.5038193069127366,0.4751722713531985,0.18925241581131633,0.8256098978820702,1.0
1.0,0.8805051977917545,0.8227529619407049,0.08861966703391935,0.6106245276803535,0.0
1.0,0.5004008066914768,0.7463677500516345,0.2780567252964513,0.6530993857422442,0.0
1.0,0.5591931634348226,0.7868529262659831,0.28029507953996163,0.7104753231150812,0.0
1.0,0.377302371469818,0.27095889896543307,0.5993650738352067,0.7936626814191873,1.0
1.0,0.33701857856899314,0.591888694868473,0.20981174308570633,0.6002286511519754,1.0
1.0,0.7183326441634567,0.7919037158039017,0.1876476813001616,0.6770244346697153,0.0
1.0,0.7095402874201107,0.7881747685837136,0.19455087030174234,0.5806867285445773,0.0
1.0,0.575056403113597,0.6579357479487035,0.015446386190138188,0.36231518979983335,1.0
